{"cameraMode":{"drawMode":0,"name":"Shaded","section":"Shading Mode"},"sceneLighting":true,"audioPlay":false,"sceneViewState":{"showFog":true,"showMaterialUpdate":false,"showSkybox":true,"showFlares":true,"showImageEffects":true,"showParticleSystems":true},"in2DMode":false,"pivot":{"x":-4.0663886070251469,"y":-9.81688404083252,"z":23.08745002746582},"rotation":{"x":-0.2424381822347641,"y":0.10336322337388993,"z":-0.02598675526678562,"w":-0.9642947912216187},"size":34.16408157348633,"orthographic":false}