{"cameraMode":{"drawMode":0,"name":"Shaded","section":"Shading Mode"},"sceneLighting":true,"audioPlay":false,"sceneViewState":{"showFog":true,"showMaterialUpdate":false,"showSkybox":true,"showFlares":true,"showImageEffects":true,"showParticleSystems":true},"in2DMode":false,"pivot":{"x":3.2711939811706545,"y":-0.9072647094726563,"z":13.30927848815918},"rotation":{"x":0.3242836892604828,"y":0.017021866515278817,"z":-0.005836299154907465,"w":0.9457891583442688},"size":13.25988483428955,"orthographic":false}